Dimensione,Tempo_CUDA_ms
64,0.003136
128,0.00512
256,0.017408
512,0.109664
1024,0.82944
2048,6.54035