Dimensione,Tempo_CUDA_ms
64,0.003808
128,0.006272
256,0.024576
512,0.157696
1024,1.19091
2048,9.38803